{"stats":{"minecraft:crafted":{"minecraft:oak_planks":340,"minecraft:crafting_table":2,"minecraft:wooden_pickaxe":1,"minecraft:furnace":1,"minecraft:oak_boat":1,"minecraft:stick":16,"minecraft:stone_pickaxe":1,"minecraft:wooden_axe":3,"minecraft:stone_sword":1},"minecraft:killed_by":{"minecraft:player":1,"minecraft:iron_golem":2},"minecraft:used":{"minecraft:stone_sword":58,"minecraft:stone_pickaxe":45,"minecraft:oak_planks":69,"minecraft:wooden_pickaxe":20,"minecraft:bell":1,"minecraft:torch":11,"minecraft:dirt":20,"minecraft:crafting_table":4,"minecraft:white_bed":5,"minecraft:wooden_axe":81,"minecraft:oxeye_daisy":1,"minecraft:bread":1,"minecraft:stone_axe":113,"minecraft:furnace":1,"minecraft:yellow_bed":4,"minecraft:oak_boat":9},"minecraft:picked_up":{"minecraft:wooden_axe":4,"minecraft:stripped_oak_log":18,"minecraft:crafting_table":4,"minecraft:wooden_pickaxe":3,"minecraft:oak_stairs":23,"minecraft:oak_log":89,"minecraft:yellow_bed":4,"minecraft:cobblestone_stairs":7,"minecraft:dirt":97,"minecraft:apple":1,"minecraft:wheat_seeds":2,"minecraft:bell":1,"minecraft:iron_ingot":9,"minecraft:stone_pickaxe":2,"minecraft:oak_boat":9,"minecraft:poppy":4,"minecraft:chest":1,"minecraft:oak_planks":204,"minecraft:stick":17,"minecraft:oak_door":4,"minecraft:torch":40,"minecraft:white_bed":5,"minecraft:mossy_cobblestone":9,"minecraft:stone_sword":2,"minecraft:rotten_flesh":11,"minecraft:stone_axe":5,"minecraft:hay_block":1,"minecraft:white_terracotta":30,"minecraft:oak_sapling":22,"minecraft:cobblestone":19,"minecraft:oxeye_daisy":1},"minecraft:broken":{"minecraft:wooden_axe":1},"minecraft:mined":{"minecraft:white_bed":5,"minecraft:glass_pane":8,"minecraft:mossy_cobblestone":3,"minecraft:cobblestone_stairs":5,"minecraft:crafting_table":2,"minecraft:torch":15,"minecraft:grass_block":1,"minecraft:chest":1,"minecraft:cobblestone":17,"minecraft:tall_grass":8,"minecraft:oak_planks":60,"minecraft:wall_torch":1,"minecraft:white_terracotta":31,"minecraft:birch_leaves":2,"minecraft:yellow_bed":4,"minecraft:grass_path":2,"minecraft:bell":1,"minecraft:grass":21,"minecraft:oak_log":67,"minecraft:oak_stairs":16,"minecraft:dirt":12,"minecraft:stripped_oak_log":18,"minecraft:oak_leaves":41},"minecraft:killed":{"minecraft:iron_golem":3},"minecraft:custom":{"minecraft:interact_with_furnace":2,"minecraft:mob_kills":3,"minecraft:interact_with_crafting_table":7,"minecraft:play_one_minute":53180,"minecraft:bell_ring":98,"minecraft:leave_game":1,"minecraft:time_since_death":15189,"minecraft:sleep_in_bed":4,"minecraft:time_since_rest":15063,"minecraft:sprint_one_cm":36235,"minecraft:damage_taken":1238,"minecraft:walk_one_cm":236354,"minecraft:drop":2,"minecraft:damage_dealt":2706,"minecraft:talked_to_villager":1,"minecraft:fly_one_cm":81785,"minecraft:open_chest":8,"minecraft:crouch_one_cm":493,"minecraft:deaths":4,"minecraft:sneak_time":1233,"minecraft:walk_under_water_one_cm":415,"minecraft:boat_one_cm":9795,"minecraft:jump":461,"minecraft:walk_on_water_one_cm":531,"minecraft:fall_one_cm":8933},"minecraft:dropped":{"minecraft:stone_axe":2}},"DataVersion":2586}