{"stats":{"minecraft:crafted":{"minecraft:oak_slab":6,"minecraft:oak_planks":96,"minecraft:baked_potato":1,"minecraft:wooden_pickaxe":2,"minecraft:iron_helmet":1,"minecraft:furnace":1,"minecraft:bucket":2,"minecraft:stone_axe":2,"minecraft:air":0,"minecraft:iron_boots":1,"minecraft:iron_chestplate":1,"minecraft:shield":1,"minecraft:stick":20,"minecraft:iron_ingot":70,"minecraft:iron_pickaxe":1,"minecraft:stone_pickaxe":3,"minecraft:iron_leggings":1},"minecraft:killed_by":{"minecraft:player":2},"minecraft:picked_up":{"minecraft:crafting_table":6,"minecraft:wooden_pickaxe":1,"minecraft:oak_stairs":10,"minecraft:potato":5,"minecraft:oak_log":29,"minecraft:yellow_bed":4,"minecraft:dirt":14,"minecraft:bone":4,"minecraft:beetroot":3,"minecraft:apple":1,"minecraft:wheat_seeds":8,"minecraft:grindstone":1,"minecraft:stone_pickaxe":1,"minecraft:iron_ore":70,"minecraft:chest":1,"minecraft:oak_planks":109,"minecraft:furnace":1,"minecraft:stick":1,"minecraft:oak_door":2,"minecraft:composter":1,"minecraft:torch":1,"minecraft:diorite":1,"minecraft:white_bed":5,"minecraft:carrot":7,"minecraft:mossy_cobblestone":3,"minecraft:arrow":1,"minecraft:rotten_flesh":6,"minecraft:diamond":1,"minecraft:beetroot_seeds":8,"minecraft:granite":8,"minecraft:oak_sapling":4,"minecraft:coal":123,"minecraft:cobblestone":94},"minecraft:used":{"minecraft:beetroot":3,"minecraft:diorite":1,"minecraft:stone_pickaxe":145,"minecraft:baked_potato":1,"minecraft:oak_planks":6,"minecraft:shield":8,"minecraft:wooden_pickaxe":21,"minecraft:composter":1,"minecraft:dirt":14,"minecraft:oak_slab":1,"minecraft:crafting_table":6,"minecraft:carrot":12,"minecraft:granite":8,"minecraft:oak_stairs":9,"minecraft:iron_pickaxe":155,"minecraft:stone_axe":77,"minecraft:cobblestone":9,"minecraft:oak_sapling":2,"minecraft:furnace":1,"minecraft:grindstone":1,"minecraft:bucket":1,"minecraft:potato":9},"minecraft:broken":{"minecraft:stone_pickaxe":1},"minecraft:mined":{"minecraft:white_bed":5,"minecraft:dandelion":1,"minecraft:crafting_table":6,"minecraft:torch":1,"minecraft:granite":8,"minecraft:cobblestone":5,"minecraft:tall_grass":1,"minecraft:grindstone":1,"minecraft:composter":1,"minecraft:oak_planks":5,"minecraft:diorite":1,"minecraft:furnace":1,"minecraft:carrots":6,"minecraft:iron_ore":70,"minecraft:wheat":8,"minecraft:yellow_bed":4,"minecraft:grass":11,"minecraft:coal_ore":123,"minecraft:potatoes":5,"minecraft:oak_log":29,"minecraft:beetroots":3,"minecraft:stone":84,"minecraft:oak_leaves":14},"minecraft:killed":{"minecraft:skeleton":2,"minecraft:zombie":3,"minecraft:villager":9},"minecraft:custom":{"minecraft:interact_with_furnace":16,"minecraft:mob_kills":14,"minecraft:interact_with_crafting_table":13,"minecraft:play_one_minute":51417,"minecraft:leave_game":2,"minecraft:time_since_death":448,"minecraft:sleep_in_bed":1,"minecraft:time_since_rest":491,"minecraft:sprint_one_cm":128273,"minecraft:damage_taken":720,"minecraft:walk_one_cm":147964,"minecraft:damage_blocked_by_shield":535,"minecraft:drop":5,"minecraft:damage_dealt":3529,"minecraft:talked_to_villager":1,"minecraft:fly_one_cm":153593,"minecraft:player_kills":1,"minecraft:open_chest":4,"minecraft:crouch_one_cm":3520,"minecraft:deaths":2,"minecraft:sneak_time":2019,"minecraft:jump":904,"minecraft:walk_on_water_one_cm":1403,"minecraft:fall_one_cm":21894},"minecraft:dropped":{"minecraft:diamond":1,"minecraft:rotten_flesh":2,"minecraft:oak_stairs":1,"minecraft:stone_pickaxe":1}},"DataVersion":2586}