{"stats":{"minecraft:crafted":{"minecraft:oak_planks":88,"minecraft:diamond_axe":1,"minecraft:crafting_table":4,"minecraft:wooden_pickaxe":1,"minecraft:iron_helmet":1,"minecraft:iron_sword":2,"minecraft:furnace":1,"minecraft:stone_axe":1,"minecraft:bread":60,"minecraft:air":0,"minecraft:iron_chestplate":1,"minecraft:diamond_pickaxe":1,"minecraft:shield":2,"minecraft:stick":36,"minecraft:iron_pickaxe":1,"minecraft:iron_ingot":22,"minecraft:stone_pickaxe":2,"minecraft:stone_sword":1,"minecraft:torch":68,"minecraft:wheat":126},"minecraft:used":{"minecraft:stone_sword":28,"minecraft:cobblestone_stairs":4,"minecraft:stone_pickaxe":158,"minecraft:poppy":1,"minecraft:oak_planks":61,"minecraft:wooden_pickaxe":4,"minecraft:shield":84,"minecraft:iron_sword":83,"minecraft:composter":1,"minecraft:diamond_axe":9,"minecraft:rotten_flesh":1,"minecraft:torch":71,"minecraft:crafting_table":4,"minecraft:apple":6,"minecraft:bread":52,"minecraft:iron_pickaxe":146,"minecraft:stone_axe":19,"minecraft:cobblestone":76,"minecraft:furnace":1,"minecraft:oak_sapling":10,"minecraft:potato":5,"minecraft:dandelion":1},"minecraft:picked_up":{"minecraft:wheat":1,"minecraft:andesite":7,"minecraft:wooden_pickaxe":3,"minecraft:gold_block":2,"minecraft:oak_log":22,"minecraft:cobblestone_stairs":4,"minecraft:dirt":4,"minecraft:string":3,"minecraft:leather_boots":1,"minecraft:bone":6,"minecraft:apple":1,"minecraft:wheat_seeds":2,"minecraft:bucket":1,"minecraft:iron_ingot":43,"minecraft:stone_pickaxe":1,"minecraft:iron_ore":124,"minecraft:poppy":3,"minecraft:chest":1,"minecraft:oak_planks":120,"minecraft:stick":8,"minecraft:oak_door":2,"minecraft:composter":1,"minecraft:torch":5,"minecraft:dandelion":1,"minecraft:white_bed":1,"minecraft:gold_ore":5,"minecraft:redstone":9,"minecraft:mossy_cobblestone":3,"minecraft:arrow":17,"minecraft:rotten_flesh":20,"minecraft:diamond":7,"minecraft:stone_axe":1,"minecraft:hay_block":15,"minecraft:oak_sapling":3,"minecraft:coal":33,"minecraft:cobblestone":210},"minecraft:mined":{"minecraft:diamond_ore":7,"minecraft:granite":4,"minecraft:grass_block":1,"minecraft:tall_grass":1,"minecraft:cobblestone":44,"minecraft:oak_planks":3,"minecraft:composter":1,"minecraft:diorite":2,"minecraft:hay_block":15,"minecraft:redstone_ore":2,"minecraft:iron_ore":123,"minecraft:andesite":7,"minecraft:birch_leaves":2,"minecraft:gold_block":2,"minecraft:grass":5,"minecraft:oak_log":22,"minecraft:coal_ore":34,"minecraft:dirt":2,"minecraft:stone":73,"minecraft:gold_ore":5,"minecraft:oak_leaves":30},"minecraft:killed":{"minecraft:zombie_villager":1,"minecraft:spider":2,"minecraft:iron_golem":2,"minecraft:skeleton":9,"minecraft:zombie":15},"minecraft:custom":{"minecraft:interact_with_furnace":6,"minecraft:mob_kills":30,"minecraft:traded_with_villager":3,"minecraft:interact_with_crafting_table":14,"minecraft:play_one_minute":69408,"minecraft:bell_ring":3,"minecraft:leave_game":1,"minecraft:time_since_death":69408,"minecraft:sleep_in_bed":3,"minecraft:time_since_rest":50578,"minecraft:sprint_one_cm":272252,"minecraft:damage_taken":2616,"minecraft:walk_one_cm":107085,"minecraft:damage_blocked_by_shield":4547,"minecraft:drop":12,"minecraft:damage_dealt":6159,"minecraft:talked_to_villager":7,"minecraft:fly_one_cm":240838,"minecraft:player_kills":2,"minecraft:open_chest":15,"minecraft:crouch_one_cm":11883,"minecraft:sneak_time":5781,"minecraft:jump":1673,"minecraft:walk_on_water_one_cm":4598,"minecraft:fall_one_cm":40475},"minecraft:dropped":{"minecraft:stone_axe":2,"minecraft:mossy_cobblestone":3,"minecraft:diamond":1,"minecraft:torch":2,"minecraft:oak_sapling":2,"minecraft:leather_boots":2,"minecraft:wooden_pickaxe":2,"minecraft:iron_pickaxe":1}},"DataVersion":2586}